review,label
"This product is excellent and works perfectly.",0
"Very good quality and worth the price.",0
"I am happy with this purchase.",0
"The product arrived on time.",0
"Good packaging and good quality.",0
"Works exactly as described.",0
"Excellent value for money.",0
"I would recommend this product.",0
"The item is durable and reliable.",0
"Nice design and easy to use.",0
"The quality exceeded my expectations.",0
"Very satisfied with the purchase.",0
"The product performs well.",0
"Received the correct item.",0
"Fast delivery and good service.",0
"Easy to install and use.",0
"Affordable and useful product.",0
"The product matches the description.",0
"Customer support was helpful.",0
"Five stars for quality and service.",0
"I use this product every day.",0
"Very comfortable and lightweight.",0
"The material feels premium.",0
"I will buy this again.",0
"My family liked this product.",0
"Works without any issues.",0
"Good performance for the price.",0
"The product is genuine and reliable.",0
"Highly satisfied with the quality.",0
"This was a great purchase.",0
"Best product ever! Buy now!!!",1
"Limited stock! Hurry up and order!",1
"Guaranteed five stars! Don't miss it!",1
"100% perfect product for everyone!",1
"Everyone must buy this immediately!",1
"Click now! Amazing deal!",1
"You will never find a better product!",1
"Unbelievable offer! Buy today!",1
"Perfect product! Guaranteed results!",1
"Best quality in the universe!",1
"Buy now before it is too late!",1
"Life-changing product! Order now!",1
"This is the only product you need!",1
"Five-star product guaranteed!",1
"Don't think, just buy it!",1
"Special offer! Limited time only!",1
"Best purchase you will ever make!",1
"Amazing product with unbelievable quality!",1
"Everyone loves this product!",1
"Instantly improves everything!",1
"Top-rated product! Buy immediately!",1
"Highest quality ever made!",1
"Guaranteed satisfaction for everyone!",1
"Best seller! Order right away!",1
"You cannot live without this product!",1
"Perfect in every way! Buy now!",1
"Unlimited happiness guaranteed!",1
"The world's best product!",1
"100% recommended for every person!",1
"Click here and buy instantly!",1